name,album,artist,id,release_date,popularity,danceability,energy,valence,loudness
(Nice Dream),The Bends,Radiohead,4QbQ55kHcRNho6XLaPctT1,1995-03-28,55,0.262,0.567,0.377,-11.075
15 Step,In Rainbows,Radiohead,6dsq7Nt5mIFzvm5kIYNORy,2007-12-28,61,0.6,0.853,0.847,-7.584
2 + 2 = 5,Hail To the Thief,Radiohead,37kUGdEJJ7NaMl5LFW4EA4,2003,57,0.443,0.717,0.386,-5.498
A Brain in a Bottle,Tomorrow's Modern Boxes,Thom Yorke,0ztEZNjeZQ45nMcsqYxxyc,2014,43,0.787,0.558,0.431,-12.365
A Punch Up At a Wedding,Hail To the Thief,Radiohead,2LfUYXF8jfrHCfwYyf2pRj,2003,50,0.603,0.507,0.568,-9.965
A Wolf At the Door,Hail To the Thief,Radiohead,66cuLvkHsW7dNkfNk6gQP9,2003,52,0.48,0.675,0.37,-7.134
Airbag,OK Computer,Radiohead,3OsUjkcv1C1v5udFhgRSFg,1997-05-28,58,0.306,0.872,0.648,-7.313
Airbag - Remastered,OK Computer OKNOTOK 1997 2017,Radiohead,4F4Wtw45jKohdzu9onG6WH,2017-06-23,48,0.319,0.935,0.63,-5.709
Amok,AMOK,Atoms For Peace,2r4cSpg6mKnb8wBBN5g5hz,2013-02-25,38,0.618,0.811,0.669,-7.075
An Audition,Suspiria (Music for the Luca Guadagnino Film),Thom Yorke,74hnCqoBekV3fj5ACDKNIP,2018-10-26,25,0.198,0.397,0.0395,-13.971
Analyse,The Eraser,Thom Yorke,5fOOQFVHQb1M58iSYebKeW,2006-07-10,45,0.56,0.841,0.42,-8.394
Analyse (Various Remix),The Eraser Rmxs,Thom Yorke,5kvkww23niURT9M1F9sjGs,2008,19,0.726,0.706,0.589,-7.402
And It Rained All Night,The Eraser,Thom Yorke,0jXGA2HfX89Ofgm0F5vVjI,2006-07-10,38,0.306,0.914,0.34,-7.083
And It Rained All Night (Burial Remix),The Eraser Rmxs,Thom Yorke,70jx2rO4bbtUqlgGu96Q3X,2008,25,0.688,0.959,0.676,-7.056
Anyone Can Play Guitar,Pablo Honey,Radiohead,4NUc1M0CS7b6zvWoyvibju,1993-02-22,50,0.294,0.813,0.554,-10.772
Atoms For Peace (Four Tet Remix),The Eraser Rmxs,Thom Yorke,2rxBZkJX2MXrsFEJrSWi27,2008,32,0.622,0.629,0.73,-10.661
Backdrifts,Hail To the Thief,Radiohead,6CVdTDYoDbwYj4xn8u5Gha,2003,51,0.718,0.718,0.732,-10.06
Bangers + Mash,In Rainbows (Disk 2),Radiohead,2mAWzzAi9pdKwteyg0lNqj,2007-12-03,42,0.637,0.98,0.65,-4.981
Before Your Very Eyes...,Before Your Very Eyes... / Magic Beanz,Atoms For Peace,5kbhsf3kdmjbzCFtTaufPd,2013-07-01,21,0.554,0.801,0.408,-11.339
Black Star,The Bends,Radiohead,6JzzI3YxHCcjZ7MCQS2YS1,1995-03-28,55,0.288,0.555,0.307,-7.431
Black Swan,The Eraser,Thom Yorke,4VbV8Zyjuu1qz0QteX1wVC,2006-07-10,56,0.613,0.791,0.509,-7.293
Black Swan (Cristian Vogel Spare Parts Remix),The Eraser Rmxs,Thom Yorke,3H4exceNzDQZd5gi0hS70f,2008,22,0.655,0.939,0.471,-8.744
Black Swan (Vogel Bonus Beat Eraser Remix),The Eraser Rmxs,Thom Yorke,6Ee6U8v7H7REp4l0AsW7tL,2008,19,0.855,0.705,0.534,-9.887
Bloom,The King Of Limbs,Radiohead,6tLALP9mi7VbNC7s16iBRK,2011-02-18,51,0.518,0.959,0.341,-7.596
Bloom (Blawan Rmx),TKOL RMX 1234567,Radiohead,1AVrv7FD10FoKW38oBiKRg,2011-10-10,29,0.582,0.949,0.0327,-7.958
Bloom (Harmonic 313 Rmx),TKOL RMX 1234567,Radiohead,1CxhtUbe1o2PeMM3l5Kch6,2011-10-10,32,0.443,0.665,0.185,-13.055
Bloom (Mark Pritchard Rmx),TKOL RMX 1234567,Radiohead,2H7Y8wYixrSlKJoaZ1N2yl,2011-10-10,31,0.414,0.712,0.286,-7.97
Bloom (Objekt RMX),TKOL RMX 1234567,Radiohead,6M0NzgHVT1FL7vPIUTZlXD,2011-10-10,27,0.832,0.674,0.237,-9.099
Blow Out,Pablo Honey,Radiohead,6qttbImnJ5wuA8AtDKEy18,1993-02-22,45,0.284,0.719,0.289,-10.739
Bodysnatchers,In Rainbows,Radiohead,4m0Vgr48VFaMYw0Sp1ozJu,2007-12-28,59,0.343,0.977,0.727,-4.993
Bones,The Bends,Radiohead,0OT4Rhd9cw1yajN9ZxL6qL,1995-03-28,52,0.358,0.705,0.419,-8.284
Burn the Witch,A Moon Shaped Pool,Radiohead,3pcCifdPTc2BbqmWpEhtUd,2016-05-08,57,0.541,0.847,0.62,-6.52
Climbing Up the Walls,OK Computer,Radiohead,0R332cdlS9LyE0Ge2PSlVC,1997-05-28,55,0.172,0.655,0.221,-7.476
Climbing Up the Walls - Remastered,OK Computer OKNOTOK 1997 2017,Radiohead,2Pquc3xvWghdFuf0HrjLUx,2017-06-23,45,0.266,0.633,0.227,-6.933
Codex (Illum Sphere),TKOL RMX 1234567,Radiohead,7krim8C3DpTu1ShdoZezix,2011-10-10,30,0.441,0.575,0.0678,-10.58
Creep,Pablo Honey,Radiohead,6b2oQwSGFkzsMtQruIWm2p,1993-02-22,82,0.515,0.43,0.104,-9.935
Cymbal Rush (The Field Late Night Essen Und Trinken Remix),The Eraser Rmxs,Thom Yorke,1pTo3vsa6ERI8OXN6ezA5b,2008,24,0.66,0.488,0.0317,-16.641
Default,Default / What the Eyeballs Did,Atoms For Peace,6F25XOoQ6bZsdh0Xc47ob6,2012-12-04,20,0.793,0.855,0.697,-4.863
Dollars & Cents,Amnesiac,Radiohead,2mvmuCtmmrERnm03ULdDye,2001-03-12,45,0.325,0.565,0.0881,-7.303
Dollars & Cents (Live),I Might Be Wrong,Radiohead,3dM4EViXbO9TH5SYsvcVmj,2001,31,0.261,0.71,0.237,-10.308
Down Is The New Up,In Rainbows (Disk 2),Radiohead,6CNt7GXfOOS5Hkxu8e4vav,2007-12-03,43,0.532,0.845,0.125,-6.967
Dropped,AMOK,Atoms For Peace,3UpMuTtzhnVNQGUlfP5zfj,2013-02-25,37,0.611,0.739,0.69,-5.735
Electioneering,OK Computer,Radiohead,6PBHfI3G8MlQ8qdItoVoxL,1997-05-28,53,0.185,0.889,0.331,-5.491
Electioneering - Remastered,OK Computer OKNOTOK 1997 2017,Radiohead,2HpUjdaboRlwPOSZT1UZrZ,2017-06-23,44,0.204,0.951,0.44,-4.345
Exit Music (For a Film),OK Computer,Radiohead,4Na0siMtWOW9pJoWJ1Ponv,1997-05-28,67,0.293,0.276,0.196,-11.353
Exit Music (For a Film) - Remastered,OK Computer OKNOTOK 1997 2017,Radiohead,0s0lnAIcclHVjQ4fITlOoU,2017-06-23,50,0.355,0.296,0.205,-10.074
Fake Plastic Trees,The Bends,Radiohead,045sp2JToyTaaKyXkGejPy,1995-03-28,70,0.454,0.229,0.134,-12.592
FeelingPulledApartByHorses,FeelingPulledApartByHorses,Thom Yorke,53MpsXQZGUULbdPEa90sPl,2009,31,0.647,0.702,0.538,-8.799
Feral,The King Of Limbs,Radiohead,0eECFDnWy0RdjMmJ8NOeAL,2011-02-18,44,0.49,0.777,0.729,-11.521
Feral (Lone RMX),TKOL RMX 1234567,Radiohead,3zkFTfcboFcOdno0CHCmTc,2011-10-10,31,0.761,0.877,0.222,-7.806
Ful Stop,A Moon Shaped Pool,Radiohead,4CzTgOmc3Sdm4EgKQWzjQl,2016-05-08,52,0.426,0.661,0.178,-9.877
Give Up The Ghost (Brokenchord Rmx),TKOL RMX 1234567,Radiohead,410fAd2tXU8aEb4vrGzslY,2011-10-10,29,0.454,0.615,0.0964,-9.076
Give Up The Ghost (Thriller Houseghost Remix),TKOL RMX 1234567,Radiohead,1gaAIZ4vGQ6QvDUgN2Xyus,2011-10-10,30,0.596,0.894,0.143,-9.477
Go To Sleep,Hail To the Thief,Radiohead,6TdGeb9e2KL6RZG0VxoTMd,2003,51,0.288,0.86,0.66,-6.311
Good Evening Mrs Magpie (Modeselektor RMX),TKOL RMX 1234567,Radiohead,0tKuiKb2mazZYdA6fPP7kI,2011-10-10,31,0.774,0.637,0.0438,-11.858
Harrowdown Hill,The Eraser,Thom Yorke,2C3xIudHEjCIS5KT4JuM0b,2006-07-10,44,0.705,0.668,0.217,-8.426
Harrowdown Hill (Extended Mix),Spitting Feathers,Thom Yorke,37tMM4xyX5fi5e3LTjdP5Q,2006-08-21,19,0.755,0.613,0.173,-10.254
Harrowdown Hill (The Bug Remix),The Eraser Rmxs,Thom Yorke,2jvBbSXn5aeA9rNwEtcPYA,2008,23,0.534,0.958,0.141,-5.932
Hearing Damage,Hearing Damage,Thom Yorke,7z8KQiJ4kclFjGGjDRkvFK,2009-10-18,56,0.627,0.86,0.144,-6.321
High And Dry,The Bends,Radiohead,5jafMI8FLibnjkYTZ33m0c,1995-03-28,73,0.418,0.383,0.352,-11.782
House Of Cards,In Rainbows,Radiohead,3Jc6X15OZCCyhGSHBF4hwB,2007-12-28,63,0.71,0.496,0.637,-9.638
How Do You?,Pablo Honey,Radiohead,71wIOoaoVMUwskK5yCXZL4,1993-02-22,46,0.185,0.964,0.239,-8.316
I Can't,Pablo Honey,Radiohead,48IEDejXX5LH8TAC3VIGpc,1993-02-22,43,0.284,0.825,0.276,-10.256
I Might Be Wrong,Amnesiac,Radiohead,0JhpYE9xA3UpSFrmXTZyIF,2001-03-12,58,0.601,0.735,0.505,-8.321
I Might Be Wrong (Live),I Might Be Wrong,Radiohead,2hWZJox4TXssEA8lNUBxPN,2001,36,0.409,0.943,0.332,-8.843
I Promise,OK Computer OKNOTOK 1997 2017,Radiohead,6V9PDDZ2pHQCUleRXvRYQ1,2017-06-23,54,0.441,0.435,0.487,-8.457
Identikit,A Moon Shaped Pool,Radiohead,3LhtqibvTtjOUrzKs7Vsz1,2016-05-08,52,0.692,0.458,0.35,-9.461
Idioteque,Kid A,Radiohead,7xqeIdLJSf3bgmZ7vUvHrE,2000-10-01,59,0.615,0.931,0.53,-7.8
Idioteque (Live In Oxford),I Might Be Wrong,Radiohead,3Em5EatvVONefKtPAjXad0,2001,36,0.493,0.979,0.322,-6.132
Iluvya,Spitting Feathers,Thom Yorke,1hTaPnoIphvtCMr4uVkVV7,2006-08-21,16,0.613,0.985,0.702,-6.347
Impossible Knots,ANIMA,Thom Yorke,0yOwZ2cIZAJpBKZKfSKZUI,2019-06-27,38,0.218,0.675,0.53,-10.789
Jigsaw Falling Into Place,In Rainbows,Radiohead,15ea10YpJIl3mJq75yzqsD,2007-12-28,63,0.461,0.833,0.808,-6.082
Judge Jury and Executioner,AMOK,Atoms For Peace,24YY8ILPDSKapND4kzP1gi,2013-02-25,35,0.89,0.66,0.634,-7.706
Just,The Bends,Radiohead,4SE81CrzH0qPA8KHqM9Syz,1995-03-28,61,0.291,0.767,0.358,-6.913
Karma Police,OK Computer,Radiohead,3SVAN3BRByDmHOhKyIDxfC,1997-05-28,74,0.36,0.505,0.317,-9.129
Karma Police - Remastered,OK Computer OKNOTOK 1997 2017,Radiohead,24yaR0CyO2oRISmeL2AvVj,2017-06-23,49,0.389,0.577,0.367,-7.578
Kid A,Kid A,Radiohead,4x7XJOE2ml2P3o3i77466j,2000-10-01,55,0.63,0.429,0.168,-15.54
Knives Out,Amnesiac,Radiohead,2xbrMtkxp399aSiCJ8EAON,2001-03-12,57,0.433,0.675,0.184,-6.702
Let Down,OK Computer,Radiohead,4aOAzvRdOsZSwZIgwcdeL0,1997-05-28,60,0.352,0.674,0.145,-9.018
Let Down - Remastered,OK Computer OKNOTOK 1997 2017,Radiohead,7BOXzaH1Rv9JLUgwvAkID5,2017-06-23,49,0.364,0.752,0.122,-7.125
Lift,OK Computer OKNOTOK 1997 2017,Radiohead,0EbIifYAM9wTYlPzKgTwFA,2017-06-23,48,0.309,0.547,0.157,-7.752
Little By Little,The King Of Limbs,Radiohead,4tCwsdqqG4jASHhbsMHCx0,2011-02-18,46,0.619,0.886,0.604,-8.423
Little By Little (Caribou Rmx),TKOL RMX 1234567,Radiohead,6Unw1AAcpS1ZgZoRlj2jxA,2011-10-10,39,0.8,0.586,0.126,-9.633
Little By Little (Shed),TKOL RMX 1234567,Radiohead,1mlpZ1Zv1CZSAVsXKQYnQY,2011-10-10,29,0.344,0.79,0.472,-9.084
Lotus Flower,The King Of Limbs,Radiohead,1amSa5xo79zINsgrpNlNge,2011-02-18,58,0.721,0.676,0.621,-8.78
Lotus Flower (Jacques Greene Rmx),TKOL RMX 1234567,Radiohead,5hfzW7LG97Hxv62HHUKgaj,2011-10-10,39,0.629,0.592,0.169,-8.405
Lotus Flower (SBTRKT RMX),TKOL RMX 1234567,Radiohead,1MheF7RyAsg9tuI6Vje9SB,2011-10-10,31,0.792,0.49,0.422,-8.229
Lucky,OK Computer,Radiohead,6n7GUf2h8D2Ad2wUy5s7nE,1997-05-28,57,0.206,0.4,0.196,-9.813
Lucky - Remastered,OK Computer OKNOTOK 1997 2017,Radiohead,7DqQtB1w0fHeSwjwq3IYU1,2017-06-23,45,0.233,0.453,0.152,-9.31
Lurgee,Pablo Honey,Radiohead,2B5P22cfUadACK7jLQegU6,1993-02-22,43,0.42,0.548,0.408,-12.298
Magic Beanz,Before Your Very Eyes... / Magic Beanz,Atoms For Peace,1Udj37KFsXJkbCERPfbTCD,2013-07-01,24,0.344,0.951,0.18,-7.031
Man of War,OK Computer OKNOTOK 1997 2017,Radiohead,552BIJ9kKwwqiGf4YojYbL,2017-06-23,52,0.274,0.472,0.14,-7.614
Meeting in the Aisle - Remastered,OK Computer OKNOTOK 1997 2017,Radiohead,5tDkjUaPiTYne5aDtg6ZUE,2017-06-23,43,0.385,0.776,0.148,-4.871
Morning Bell (Live In Oxford),I Might Be Wrong,Radiohead,5MwVV6v5ak6NecRGXazcPJ,2001,33,0.519,0.8,0.341,-7.207
Morning Mr Magpie,The King Of Limbs,Radiohead,3wxmJSQ3Z1HfAuxeHQoZcE,2011-02-18,46,0.648,0.588,0.403,-10.993
Morning Mr Magpie (Nathan Fake Rmx),TKOL RMX 1234567,Radiohead,64lecUR19lBSu317AzVZv3,2011-10-10,33,0.661,0.707,0.846,-7.023
Morning Mr Magpie (Pearson Sound Scavenger RMX),TKOL RMX 1234567,Radiohead,7KKglMFf5KV0PIDSAOqfnH,2011-10-10,30,0.481,0.336,0.0901,-12.43
My Iron Lung,The Bends,Radiohead,4dPKQxaraW6CG1rTBzV6DW,1995-03-28,55,0.242,0.859,0.671,-8.4
Myxomatosis,Hail To the Thief,Radiohead,38WL6GlG9NHFiQS6JxV84r,2003,48,0.499,0.815,0.57,-7.079
No Surprises,OK Computer,Radiohead,1bSpwPhAxZwlR2enJJsv7U,1997-05-28,71,0.255,0.393,0.118,-10.654
No Surprises - Remastered,OK Computer OKNOTOK 1997 2017,Radiohead,5O3FBCAj4Y3rvPXrEmlinc,2017-06-23,49,0.274,0.449,0.0797,-9.303
Nose Grows Some,Tomorrow's Modern Boxes,Thom Yorke,0MgBSd3GVQQyK4ihtXO6LZ,2014,37,0.517,0.636,0.878,-13.75
Not The News,ANIMA,Thom Yorke,7ypjELqhyUT3BBCws8kzKN,2019-06-27,42,0.558,0.813,0.28,-8.919
Not The News - Clark Remix,Not the News Rmx EP,Thom Yorke,2ezoMtz1cFPocOoxN8f5Ox,2019-08-02,17,0.77,0.495,0.21,-6.832
Not The News - Equiknoxx Remix Feat. Time Cow & Gavsborg,Not the News Rmx EP,Thom Yorke,3NCEIiE6td1hK0UKSvjlUC,2019-08-02,19,0.638,0.758,0.0463,-7.151
Not The News - Extendo Mix,Not the News Rmx EP,Thom Yorke,4bQHxrQJbRnWoqpXvuf3jQ,2019-08-02,22,0.616,0.739,0.203,-8.684
Not The News - Mark Pritchard Remix,Not the News Rmx EP,Thom Yorke,2Ipmxha3s61AeoZHUteMAq,2019-08-02,23,0.435,0.461,0.506,-12.808
Optimistic,Kid A,Radiohead,4DE6Wkt9fW7R5e9gJGWQim,2000-10-01,53,0.403,0.757,0.573,-9.931
Palo Alto - Remastered,OK Computer OKNOTOK 1997 2017,Radiohead,7BFYY2EFrru8QHolUiKpEE,2017-06-23,40,0.406,0.819,0.325,-7.825
Paranoid Android,OK Computer,Radiohead,2nTsKOXIVGDf2iPeVQO2Gm,1997-05-28,67,0.252,0.849,0.194,-6.501
Paranoid Android - Remastered,OK Computer OKNOTOK 1997 2017,Radiohead,1QgI14YcWg3tOobXjzlNMl,2017-06-23,52,0.332,0.826,0.216,-7.269
Pearly* - Remastered,OK Computer OKNOTOK 1997 2017,Radiohead,4ozum7awQLhJ6D6fQL5xPy,2017-06-23,41,0.324,0.853,0.317,-5.811
Planet Telex,The Bends,Radiohead,05evePUsIT1cmIURp1hgu6,1995-03-28,55,0.429,0.88,0.255,-8.013
Polyethylene (Parts 1 & 2) - Remastered,OK Computer OKNOTOK 1997 2017,Radiohead,0QHoKFOWwMSFxB4zc5HDzG,2017-06-23,43,0.22,0.499,0.209,-8.363
Prove Yourself,Pablo Honey,Radiohead,4D6ZExVvYLZxhcAvifX5px,1993-02-22,43,0.25,0.62,0.319,-10.915
Pulk/Pull Revolving Doors,Amnesiac,Radiohead,4doFWLhPChHDgs89rHs5nr,2001-03-12,45,0.58,0.625,0.14,-12.073
Reckoner,In Rainbows,Radiohead,56Z7hbyMrndw1naxb6I5Oi,2007-12-28,62,0.518,0.656,0.203,-7.438
Reverse Running,AMOK,Atoms For Peace,1fnUU2RQ4I0RDn2WgXfhWV,2013-02-25,36,0.419,0.616,0.282,-9.863
Ripcord,Pablo Honey,Radiohead,4nklmaiY4gfQI3SB1sLGsd,1993-02-22,43,0.256,0.906,0.254,-10.436
Runwayaway,ANIMA,Thom Yorke,1WQA1SHyH5aw1KUiTZKWka,2019-06-26,38,0.588,0.454,0.152,-12.477
S.A.D.,Judge Jury and Executioner / S.A.D.,Atoms For Peace,3ctDYlZOkEjmEl0zPLlwfW,2013-03-11,25,0.669,0.748,0.364,-10.349
Scatterbrain,Hail To the Thief,Radiohead,467FBnBDRfL8Hz9ktUUybj,2003,46,0.492,0.753,0.234,-8.617
Separator,The King Of Limbs,Radiohead,2rA36OZNb3LkvqcNro1ugK,2011-02-18,48,0.693,0.776,0.659,-9.804
Separator (Anstam RMX),TKOL RMX 1234567,Radiohead,2Bri2rrUY9kVo6teP0kaeJ,2011-10-10,41,0.746,0.916,0.117,-7.797
Separator (Four Tet RMX),TKOL RMX 1234567,Radiohead,4raxzmnFq93jfKC8c3xcIv,2011-10-10,32,0.461,0.455,0.375,-12.403
Sit Down. Stand Up,Hail To the Thief,Radiohead,3wPLVTqp66miOokxN1cLbm,2003,48,0.483,0.559,0.52,-7.434
Skip Divided (Modeselektor Remix),The Eraser Rmxs,Thom Yorke,0Aphl3uGYo7PCoVSGZjnAP,2008,28,0.688,0.826,0.541,-7.603
Staircase,The Daily Mail / Staircase,Radiohead,2O6h9bcoyqbg9OYTqHJ535,2011-12-19,40,0.367,0.877,0.807,-8.102
Stop Whispering,Pablo Honey,Radiohead,2zYmvi3w2T8a9Ckrv21bvW,1993-02-22,46,0.212,0.696,0.298,-10.059
Street Spirit (Fade Out),The Bends,Radiohead,5gz38AxRkD6Ywxd4fr2pLj,1995-03-28,62,0.488,0.453,0.129,-11.562
Stuck Together Pieces,AMOK,Atoms For Peace,6fi8e1nv4QBqODf9puRcyX,2013-02-25,36,0.643,0.716,0.647,-10.484
Subterranean Homesick Alien,OK Computer,Radiohead,19yGmm9FjEZdZc5j98WDe4,1997-05-28,59,0.316,0.592,0.32,-8.916
Subterranean Homesick Alien - Remastered,OK Computer OKNOTOK 1997 2017,Radiohead,2kDEGoEVHfpNPMOs7IIG5y,2017-06-23,47,0.326,0.636,0.256,-7.092
Sulk,The Bends,Radiohead,4HtPAkZnSyGtNvBnfDc2nw,1995-03-28,51,0.167,0.636,0.671,-7.4
Supercollider,Supercollider / The Butcher,Radiohead,72zeFQrDrM8rc73aJ7bJ62,2016-11-18,36,0.502,0.342,0.266,-16.705
TKOL (Altrice Rmx),TKOL RMX 1234567,Radiohead,66Pyms4pYaHEcPHZ7DdMbE,2011-10-10,29,0.574,0.324,0.0382,-16.645
The Axe,ANIMA,Thom Yorke,0EEcYB2oJsE0WmhmYYh3J4,2019-06-27,38,0.281,0.618,0.141,-11.826
The Bends,The Bends,Radiohead,3aDUSpF3LexOr1lFKvPV2h,1995-03-28,55,0.288,0.757,0.311,-8.065
The Butcher,Supercollider / The Butcher,Radiohead,6jIvShcsrWjHuNpPnkAhb2,2016-11-18,44,0.83,0.569,0.703,-14.666
The Clock,The Eraser,Thom Yorke,7aMFgxGAKBCrYdyrY6SMek,2006-07-10,41,0.572,0.68,0.723,-9.927
The Clock (Surgeon Remix),The Eraser Rmxs,Thom Yorke,4l13TkLaLQtYOTFGG2YxY8,2008,24,0.718,0.942,0.286,-4.65
The Drunkk Machine,Spitting Feathers,Thom Yorke,5U7dhn1yYxEqxcjqL4khCj,2006-11-22,0,0.757,0.967,0.0598,-8.018
The Gloaming,Hail To the Thief,Radiohead,2q4zYomFf4ZVrEOr1aXj6l,2003,45,0.44,0.609,0.115,-13.37
The National Anthem,Kid A,Radiohead,01UstUPbzPgq2MNp6h0tVo,2000-10-01,58,0.486,0.754,0.387,-8.552
The National Anthem (Live in France),I Might Be Wrong,Radiohead,3bk7mfQWZ0acgp0hXzYQKS,2001,35,0.344,0.864,0.289,-5.679
The Tourist,OK Computer,Radiohead,75YUnz58ajMo2VIIuUFvOV,1997-05-28,53,0.241,0.295,0.0398,-8.571
The Tourist - Remastered,OK Computer OKNOTOK 1997 2017,Radiohead,5R8pnOmAwKNh4KnvJW2paN,2017-06-23,44,0.248,0.328,0.0398,-7.477
TheHollowEarth,FeelingPulledApartByHorses,Thom Yorke,0AIgJtsiphW1Aw2Q0Kyla6,2009,27,0.534,0.735,0.703,-9.827
There Is No Ice (For My Drink),Tomorrow's Modern Boxes,Thom Yorke,6axv9gKBbjnXtfHaj2toHm,2014,34,0.641,0.496,0.396,-13.298
"There, There",Hail To the Thief,Radiohead,77SPrxY5gn6VPrKPGrfLnM,2003,58,0.614,0.677,0.717,-8.317
Traffic,ANIMA,Thom Yorke,1nEDT4DsoaTfexrz8D9zt1,2019-06-27,45,0.768,0.42,0.202,-8.55
True Love Waits (Live In Oslo),I Might Be Wrong,Radiohead,6PbeGqzGdjookqESRgm1AS,2001,52,0.374,0.483,0.0639,-8.821
Unless,AMOK,Atoms For Peace,7alFGBi594HZ8ndIBhYFUj,2013-02-25,36,0.581,0.925,0.145,-7.603
Up On The Ladder,In Rainbows (Disk 2),Radiohead,5sdo1jKC0mpRxamLAuuPOS,2007-12-03,47,0.459,0.617,0.133,-7.567
Vegetable,Pablo Honey,Radiohead,11qDTSr3Dj4TkPnBcIOqEJ,1993-02-22,43,0.384,0.717,0.42,-8.868
Voiceless Terror,Suspiria (Music for the Luca Guadagnino Film),Thom Yorke,2dM2GD94P5kVtTSYWSslJT,2018-10-26,25,0.173,0.745,0.0361,-11.084
What the Eyeballs Did,Default / What the Eyeballs Did,Atoms For Peace,2X91JLfOqO0tk59PQP3b3V,2012-12-04,24,0.725,0.779,0.68,-7.323
Where I End and You Begin,Hail To the Thief,Radiohead,5X3uhutgZktlUWmzIOE3NG,2003,50,0.297,0.714,0.486,-7.863
You,Pablo Honey,Radiohead,1MyqLTRhgyWPw7v107BEuI,1993-02-22,52,0.223,0.706,0.297,-12.012
24 Hour Charleston,Bodysong. (Remastered),Jonny Greenwood,6Aif8Px6T49P0nQj7MTfNO,2003,12,0.766,0.399,0.0826,-11.988
A Simple Life,Familial,Philip Selway,4auZ6rtNi6fcer2rX4h4KT,2010-08-30,13,0.609,0.35,0.273,-10.869
Able-Bodied Seamen,The Master: Original Motion Picture Soundtrack,Jonny Greenwood,01zvmz5rdDupDHQ0ESuAtK,2012-09-10,23,0.556,0.269,0.241,-13.624
All Eyes on You,Familial,Philip Selway,7IDrbwhj91Hd6Q0VolFYmb,2010-08-31,5,0.651,0.219,0.316,-16.501
All in All,Running Blind,Philip Selway,15TvaBHy5JB7sNWx2T2Z2I,2011-07-25,2,0.612,0.277,0.233,-13.993
Around Again,Weatherhouse,Philip Selway,7dAD93SAvbSX6A1C7BSUDj,2014-01-29,0,0.467,0.631,0.189,-7.284
Around Again (The Acid Remix),Around Again (The Acid Remix),Philip Selway,677gmHatKTg9zIMTAAY5jY,2015-06-09,1,0.752,0.486,0.069,-12.779
Around Again - The Acid Remix,Around Again (The Acid Remix),Philip Selway,6JNdhtTU4af0f2ItUws7fZ,2015-05-11,7,0.754,0.485,0.0695,-12.776
Banksters,Earth,EOB,3WjURarf3ODlvegw0KSBqs,2020-04-17,36,0.707,0.542,0.748,-9.079
Barbara Rose,Phantom Thread (Original Motion Picture Soundtrack),Jonny Greenwood,0d5gyNBH2OACCDqGSxu0Dr,2018-01-12,29,0.539,0.164,0.376,-16.621
Beyond Reason,Familial,Philip Selway,7cPdhDAQJQ5hPxEgdzaBg7,2010-08-31,8,0.745,0.374,0.206,-14.701
Brasil,Brasil,EOB,68C3GNBXigDseAAgLMitGM,2019-12-05,36,0.358,0.404,0.0798,-14.902
Bring Me Coffee Or Tea - 2011 Remastered,Norwegian Wood OST,Jonny Greenwood,1FVtSY8OvuvtQ6Ym9Ipsmy,2011-01-28,0,0.386,0.642,0.557,-11.861
Broken Promises,Familial,Philip Selway,4TVIJ1IPDmWCwcxHBH6Rc8,2010-08-30,8,0.44,0.154,0.24,-16.051
By Some Miracle,Familial,Philip Selway,36Il4jy7AdVptgy3bpXF6L,2010-08-30,28,0.42,0.281,0.356,-13.989
Clockwork Tin Soldiers,Bodysong. (Remastered),Jonny Greenwood,4QetbE27tHpZJlm7T1aJkb,2003,13,0.313,0.466,0.15,-13.694
Coming Up for Air,Weatherhouse,Philip Selway,6LN6M0vPyT0wQwDTuniisk,2014-10-06,30,0.698,0.485,0.396,-8.935
Coming up for Air,Weatherhouse,Philip Selway,0HYovXUSw1wR4nWqlAW8vs,2014-01-29,6,0.699,0.487,0.394,-8.804
Convergence,Bodysong. (Remastered),Jonny Greenwood,7LBAHBg4vy9yOJ5MzjUjhC,2003,22,0.674,0.61,0.354,-12.126
Dark Streets,You Were Never Really Here (Original Motion Picture Soundtrack),Jonny Greenwood,5gt4YkI0qqBvjtRh4zMikZ,2018-03-09,23,0.698,0.245,0.763,-15.999
Dark Streets (Reprise),You Were Never Really Here (Original Motion Picture Soundtrack),Jonny Greenwood,5QEsKsEGJTGikhd8kS72nd,2018-03-09,14,0.609,0.871,0.346,-11.284
Dark Streets - Reprise,You Were Never Really Here (Original Motion Picture Soundtrack),Jonny Greenwood,36XXH21to96SfewgZ51qB1,2018-03-09,15,0.643,0.871,0.344,-11.284
Days and Nights,Let Me Go OST,Philip Selway,6A2577W5vDw5QzazxoY4tb,2017-09-15,5,0.625,0.293,0.0796,-15.083
Deep Days,Earth,EOB,0Er3BwT1Wop7L9I1OWHkOF,2020-04-17,38,0.776,0.371,0.643,-9.674
Don't Go Now,Weatherhouse,Philip Selway,70L5fuyiBKaeXqz2U5cThE,2014-01-29,11,0.466,0.343,0.219,-9.952
Don't Go Now (Elysian Quartet),Weatherhouse,Philip Selway,2poHov1URRfwaY3QNWAxVn,2014-10-06,23,0.444,0.352,0.209,-10.064
Don't Look Down,Familial,Philip Selway,4YtgEndwQRQyhmW4oGxhaf,2010-08-30,7,0.368,0.293,0.194,-14.148
Don't Sit Under the Apple Tree (with Anyone Else but Me) (feat. Madisen Beaty),The Master: Original Motion Picture Soundtrack,Jonny Greenwood,4Ps9BJFQfaVGXSEaf3MicZ,2012-09-10,18,0.562,0.0673,0.273,-22.471
"Don't Turn The Light On, Leave Me Alone (from Cream)",Norwegian Wood OST,Jonny Greenwood,1qoN2c6pQnZQEBwwtahHRt,2011-01-28,0,0.585,0.666,0.548,-10.274
Downstairs,You Were Never Really Here (Original Motion Picture Soundtrack),Jonny Greenwood,1wxRjsQyKxBRqkrXivfodC,2018-03-09,11,0.581,0.42,0.149,-13.955
Drawn to the Light,Weatherhouse,Philip Selway,0UvmMGxOggpnjfSlb0YbRw,2014-01-29,0,0.478,0.42,0.137,-11.677
Every Spit and Cough,Running Blind,Philip Selway,4AXn1BifBKdC1yedmAJGdC,2011-07-25,2,0.317,0.329,0.441,-11.376
Falling,Familial,Philip Selway,39SheqV8APngFn6bDwl0Gh,2010-08-30,8,0.453,0.183,0.165,-15.287
Ghosts,Weatherhouse,Philip Selway,4Ja4zadOQC0ySVdbkFgLwx,2014-01-29,0,0.365,0.61,0.196,-12.241
Greenwood: 48 Responses to Polymorphia: Pacay Tree,Penderecki & Greenwood: Threnody for the Victims of Hiroshima / Popcorn Superhet Receiver / Polymorphia / 48 Responses to Polymorphia,Jonny Greenwood,7dZtlIE3BBGzsbKbVE2Djo,2012-03-09,9,0.54,0.496,0.196,-19.612
"Greenwood: Popcorn Superhet Receiver:, Pt. 2 B",Penderecki & Greenwood: Threnody for the Victims of Hiroshima / Popcorn Superhet Receiver / Polymorphia / 48 Responses to Polymorphia,Jonny Greenwood,6kTTqKKfbeJv4LE4tlrLLo,2012-03-09,11,0.619,0.641,0.931,-20.324
Hammer and Tape,You Were Never Really Here (Original Motion Picture Soundtrack),Jonny Greenwood,4vro6clGmZRSK2web22INs,2018-03-09,15,0.708,0.333,0.964,-17.619
Iron Swallow,Bodysong. (Remastered),Jonny Greenwood,371udvSkYKcpe21308wEmX,2003,15,0.221,0.233,0.0808,-11.594
It Will End in Tears,Weatherhouse,Philip Selway,2V6iPlNIyTQiK0Zj8PyPp6,2014-10-06,13,0.5,0.483,0.0913,-8.565
Let It Go,Weatherhouse,Philip Selway,57VmxRjXv1I3M4AAqOmLoE,2014-10-07,4,0.421,0.566,0.175,-9.359
Let Me Go,Let Me Go OST,Philip Selway,1DbFKhneu8xfI5wwr1N9rn,2017-09-15,9,0.246,0.295,0.124,-12.197
Long Time Coming,Earth,EOB,1rLQ5csdpZJU01baSqP4uI,2020-04-17,36,0.388,0.392,0.362,-14.748
"Mary, Mary So Contrary",Norwegian Wood OST,Jonny Greenwood,6sC8vGoPVzGroZF4hTi3rD,2011-01-28,0,0.256,0.444,0.25,-8.985
Miles Away,Weatherhouse,Philip Selway,0QjJK7vCJeiZTzo5iOp8MV,2014-10-06,10,0.564,0.355,0.0301,-11.07
Milky Drops from Heaven,Bodysong. (Remastered),Jonny Greenwood,3yged26pffaQqlNPnPWQYG,2003,11,0.336,0.698,0.313,-12.828
Nausea,You Were Never Really Here (Original Motion Picture Soundtrack),Jonny Greenwood,1oJsANfP7G4ExjzpydyW6Q,2018-03-09,17,0.507,0.482,0.862,-12.002
No Other Love (feat. Jo Stafford),The Master: Original Motion Picture Soundtrack,Jonny Greenwood,1P5y5njqYWr5qXnvSTKTij,2012-09-10,37,0.418,0.0585,0.236,-15.772
Nudnik Headache,Bodysong. (Remastered),Jonny Greenwood,68loColhiv5AeQMT6jlAp4,2003,12,0.759,0.923,0.0355,-11.703
Oil,There Will Be Blood (Music from the Motion Picture),Jonny Greenwood,2AfRHkNaHtH6HvLy5GVxD5,2007-12-18,22,0.178,0.246,0.0334,-14.327
Olympik,Earth,EOB,6eKeuLRPiVSCO4p1OsFirm,2020-04-17,39,0.631,0.876,0.739,-8.569
Olympik - Spike Stent Edit,Olympik,EOB,6a8bMi1XSRIW5G8zRPtp2s,2020-04-02,20,0.664,0.944,0.591,-6.497
Patron Saint,Familial,Philip Selway,2dS1x4rU5cQXa9PGcYRqYd,2010-08-30,9,0.563,0.231,0.302,-15.73
Proven Lands,There Will Be Blood (Music from the Motion Picture),Jonny Greenwood,2hU4G919MDVb9FhhPJujRf,2007-12-18,24,0.767,0.447,0.865,-17.438
Running Blind,Running Blind,Philip Selway,3piPS9VeSdVlDLsIbKkbrt,2011-07-25,4,0.636,0.337,0.153,-12.005
Sail On,Earth,EOB,2f2YpU0kf9qbx7X4c2X2L8,2020-04-17,34,0.254,0.327,0.0667,-17.022
Sandy's Necklace,You Were Never Really Here (Original Motion Picture Soundtrack),Jonny Greenwood,0ALbrndx47oHMD4U3OEiS2,2018-03-09,20,0.452,0.441,0.0473,-10.281
Shangri-La,Shangri-La,EOB,5h1rJXqX19bGpIrypJiOrI,2020-02-06,38,0.743,0.574,0.664,-8.533
Shangri-La - Spike Stent Edit,Shangri-La,EOB,1sWEyV5Dd6fW5je5OwZvml,2020-03-17,21,0.739,0.714,0.685,-4.813
"Sougen, Kaze, Zoukibayashi",Norwegian Wood OST,Jonny Greenwood,24WVRAzoX8ouWVighCD4hw,2011-01-28,13,0.229,0.151,0.0345,-26.405
Splitter,Bodysong. (Remastered),Jonny Greenwood,2zXJC0cYs73vHUupwZ2TUi,2003,13,0.237,0.664,0.313,-9.217
The Ties That Bind Us,Familial,Philip Selway,6tiD4hltMhMoS3JznXS863,2010-08-31,4,0.602,0.291,0.209,-13.221
The Witching Hour,Familial,Philip Selway,11wNAKo3C9cXag13G9XhUN,2010-08-30,8,0.331,0.111,0.149,-17.263
Three Miniatures From Water,Octatonic Volume 2,Jonny Greenwood,1Ycp1vB4QduvwaKRnDogUM,2019-09-24,15,0.167,0.126,0.0614,-20.542
Turning It Inside Out,Weatherhouse,Philip Selway,75iiRWvSubMBmZ5yqGZWMS,2014-01-29,0,0.424,0.54,0.266,-11.555
Walk,Walk,Philip Selway,4jBRVWFwNjhgZlHCs74uUO,2017-09-13,2,0.68,0.584,0.196,-8.961
What Goes Around,Running Blind,Philip Selway,6za2R00v6bQKPrNZcYS8b3,2011-07-25,2,0.563,0.357,0.221,-10.878
Wide Open,Let Me Go OST,Philip Selway,3k3OIHLBNefcM7GeyMUYla,2017-09-15,7,0.662,0.205,0.0647,-15.881
4 Minute Warning,In Rainbows (Disk 2),Radiohead,1w8QCSDH4QobcQeT4uMKLm,2007-12-03,49,0.354,0.302,0.223,-13.078
A Choir of One,Suspiria (Music for the Luca Guadagnino Film),Thom Yorke,4vDpCHuGRqj11E3u6vazVy,2018-10-26,27,0.185,0.112,0.0271,-22.154
A Conversation With Just Your Eyes,Suspiria Unreleased Material,Thom Yorke,4vEHL1NERvbnSgqBOPEzdB,2019-02-22,15,0.17,0.195,0.0389,-13.211
A Light Green,Suspiria (Music for the Luca Guadagnino Film),Thom Yorke,74oW97DE8fZLUXOQ6mLrSo,2018-10-26,30,0.254,0.218,0.0574,-20.186
A Rat's Nest,Spitting Feathers,Thom Yorke,0cdjhwCqWF4wJLCckN2cFP,2006-08-21,27,0.352,0.395,0.111,-17.722
A Reminder - Remastered,OK Computer OKNOTOK 1997 2017,Radiohead,2WHsVjndiTbqMTWy1gfOnV,2017-06-23,41,0.306,0.5,0.139,-9.837
A Soft Hand Across Your Face,Suspiria (Music for the Luca Guadagnino Film),Thom Yorke,22qaM4et9ap7V54egVGJTq,2018-10-26,27,0.159,0.173,0.0298,-13.821
A Storm That Took Everything,Suspiria (Music for the Luca Guadagnino Film),Thom Yorke,2EEHigRs3tEf0Nkt0C8LTc,2018-10-26,35,0.119,0.491,0.0323,-9.855
All I Need,In Rainbows,Radiohead,51ygW389BW4Dut3B69pSwc,2007-12-28,62,0.668,0.477,0.0966,-8.709
Atoms For Peace,The Eraser,Thom Yorke,7MklIl0YqJ5CVqi7zxCcf6,2006-07-10,43,0.643,0.415,0.237,-15.918
Belongings Thrown in a River,Suspiria (Music for the Luca Guadagnino Film),Thom Yorke,60itNhMpJ2LnTdr4QifYnm,2018-10-26,34,0.208,0.325,0.0365,-9.823
Bloom (Jamie xx Rework),TKOL RMX 1234567,Radiohead,4LgjuZHNEoqsFlJfP7IDTB,2011-10-10,32,0.458,0.54,0.189,-11.866
Bullet Proof ... I Wish I Was,The Bends,Radiohead,7wB2VenWR6rchtLwawreIg,1995-03-28,53,0.448,0.359,0.0773,-13.559
Codex,The King Of Limbs,Radiohead,4sLGaMl33I6mcsk7u4xHAU,2011-02-18,54,0.327,0.128,0.0648,-17.536
Cymbal Rush,The Eraser,Thom Yorke,4LhwAjaeL8IOmFta5Yxplt,2006-07-10,38,0.594,0.371,0.279,-16.191
Daily Battles,Daily Battles (From Motherless Brooklyn: Original Motion Picture Soundtrack),Thom Yorke,6xCBiZLbhAFAolDGkiinUF,2019-08-21,50,0.306,0.0849,0.11,-18.843
"Daily Battles (feat. Joe Farnsworth, Russell Hall, Isaiah J. Thompson & Jerry Weldon) - Jazz Arrangement",Daily Battles (From Motherless Brooklyn: Original Motion Picture Soundtrack),Thom Yorke,6c9Z0OpPG69o6ULaiYpMu2,2019-08-21,41,0.283,0.0623,0.186,-13.465
Dawn Chorus,ANIMA,Thom Yorke,6Ype94Pq1fdg0zogE05AfQ,2019-06-27,52,0.261,0.174,0.0393,-16.161
Daydreaming,Daydreaming,Radiohead,4wzidqkKngcrMqXzk6x7Qu,2016-05-06,40,0.299,0.263,0.113,-13.207
Decks Dark,A Moon Shaped Pool,Radiohead,5rIhBK9aaVMck0W2YtOwci,2016-05-08,58,0.56,0.5,0.249,-10.829
Desert Island Disk,A Moon Shaped Pool,Radiohead,1kBGeOp1CDUHVdbK4ergqo,2016-05-08,51,0.561,0.282,0.158,-13.241
Everything In Its Right Place,Kid A,Radiohead,5AiNZnMDCWwujIENPj9PV9,2000-10-01,62,0.293,0.462,0.0623,-11.412
Everything In Its Right Place (Live In France),I Might Be Wrong,Radiohead,4Biwp5reDGs2xNPt1irGg1,2001,35,0.346,0.534,0.209,-12.425
Faust Arp,In Rainbows,Radiohead,5SdmtFbNOD7Qej6jFCHkOM,2007-12-28,57,0.338,0.289,0.226,-13.479
Fitter Happier,OK Computer,Radiohead,53aFGAl0Vebwp2bo8wtdWR,1997-05-28,51,0.432,0.391,0.744,-14.99
Fitter Happier - Remastered,OK Computer OKNOTOK 1997 2017,Radiohead,0VjnvzjK5wN93gPLwU4tqw,2017-06-23,43,0.434,0.368,0.689,-15.419
Give Up The Ghost,The King Of Limbs,Radiohead,4OrGm3fBdhlXuHtRBoLUMW,2011-02-18,47,0.26,0.264,0.159,-12.279
Glass Eyes,A Moon Shaped Pool,Radiohead,0eZN5WsQfmNFICHuw59Zfz,2016-05-08,51,0.218,0.11,0.0616,-15.721
Go Slowly,In Rainbows (Disk 2),Radiohead,4gq2bc2770XvbJdEtfUbmw,2007-12-03,49,0.43,0.393,0.0439,-8.556
Guess Again!,Tomorrow's Modern Boxes,Thom Yorke,0jnMk9aujJ6knGxFyZBbcx,2014,40,0.725,0.409,0.118,-12.842
Harry Patch (In Memory Of),Harry Patch (In Memory Of),Radiohead,7yMPuOVQEqpl7h1AQq4f2i,2016-11-11,44,0.0637,0.204,0.0559,-15.124
Has Ended,Suspiria (Music for the Luca Guadagnino Film),Thom Yorke,2xOeyBcuqe7fCQc0WSDcFf,2018-10-26,42,0.54,0.42,0.11,-10.176
How I Made My Millions - Remastered,OK Computer OKNOTOK 1997 2017,Radiohead,6gXv8OCSgKr5ZoVYi7Q7GM,2017-06-23,46,0.251,0.243,0.247,-10.896
How To Disappear Completely,Kid A,Radiohead,69pwmeyvQMuHMtkCmpEWhQ,2000-10-01,61,0.168,0.302,0.205,-11.645
Hunting Bears,Amnesiac,Radiohead,2zYrFer4QGSQkk5aUawfHB,2001-03-12,48,0.302,0.265,0.0742,-12.203
I Am a Very Rude Person,ANIMA,Thom Yorke,6CbeTloXS88ShOW42RYqGz,2019-06-27,41,0.81,0.269,0.715,-9.926
I Will,Hail To the Thief,Radiohead,28VoI90xDBoKe5sP3sP5jW,2003,47,0.254,0.133,0.169,-14.06
Ill Wind,Ill Wind,Radiohead,7vuVUQV0dDnjXUyLPzJLPi,2019-01-11,47,0.514,0.493,0.215,-11.104
In Limbo,Kid A,Radiohead,1NgvIjkEjkhcIR1pp5Qsir,2000-10-01,50,0.375,0.634,0.502,-10.543
Ingenue,AMOK,Atoms For Peace,6jRAiWrKhURIcFGPEeMnsD,2013-02-25,49,0.684,0.542,0.441,-10.559
Interference,Tomorrow's Modern Boxes,Thom Yorke,2R5o3CKGdTsycMykcUTfns,2014,38,0.349,0.0917,0.0384,-17.719
Jetstream,Spitting Feathers,Thom Yorke,6264aKmo7GFF9gj5Sp5MRD,2006-11-22,0,0.602,0.851,0.353,-11.749
Klemperer Walks,Suspiria (Music for the Luca Guadagnino Film),Thom Yorke,1Lf0TkErwusSrVQZ8hJedT,2018-10-26,33,0.213,0.358,0.0363,-10.157
Last Flowers,In Rainbows (Disk 2),Radiohead,7Ceo3Rpq33Vc5WcOb3tUbT,2007-12-03,51,0.558,0.307,0.304,-8.236
Last I Heard (...He Was Circling the Drain),ANIMA,Thom Yorke,4jGoGkKSRspDNwHTOJBwEl,2019-06-26,42,0.295,0.658,0.0665,-10.588
Life In a Glasshouse,Amnesiac,Radiohead,29yXMFKIrY1fFY4DYBVZCu,2001-03-12,49,0.168,0.397,0.0497,-7.619
Like Spinning Plates,Amnesiac,Radiohead,1qVP3GP1pUhJxogteiIi78,2001-03-12,45,0.493,0.41,0.218,-13.303
Like Spinning Plates (Live),I Might Be Wrong,Radiohead,2j2n2VGCMIyFaQ6ToEC0Cy,2001,41,0.277,0.384,0.0997,-9.853
Lull - Remastered,OK Computer OKNOTOK 1997 2017,Radiohead,1WKFFNfL31ApigXTSd7Sea,2017-06-23,43,0.237,0.617,0.156,-6.908
MK 1,In Rainbows (Disk 2),Radiohead,3gKuywOm38axM8sJGq6Laq,2007-12-03,41,0.156,0.0962,0.0389,-27.01
MK 2,In Rainbows (Disk 2),Radiohead,2uYSbsxAMmK1awUl06T7ix,2007-12-03,39,0.257,0.263,0.039,-15.292
Melatonin - Remastered,OK Computer OKNOTOK 1997 2017,Radiohead,0PXadTqt6pRNcXOEQgvPAK,2017-06-23,41,0.243,0.485,0.0528,-7.813
Morning Bell,Kid A,Radiohead,1HQYo8C5L0qd1p5f1anXPS,2000-10-01,50,0.645,0.462,0.391,-12.124
Morning Bell/Amnesiac,Amnesiac,Radiohead,3jaA0iP323UuDVVDA9sfSl,2001-03-12,45,0.325,0.421,0.186,-6.23
Motion Picture Soundtrack,Kid A,Radiohead,0COiZ7ncho2yi4HotbzgPv,2000-10-01,54,0.134,0.129,0.0435,-16.128
Nude,In Rainbows,Radiohead,5k7VKj1Xwy5DjO4B0PdAOb,2007-12-28,65,0.537,0.342,0.156,-9.785
Olga's Destruction - Volk tape,Suspiria (Music for the Luca Guadagnino Film),Thom Yorke,5fcHov0XeACU2e7tj2IFAV,2018-10-26,32,0.305,0.301,0.0363,-14.128
Open Again,Suspiria (Music for the Luca Guadagnino Film),Thom Yorke,18J18madM6frGZE09uBzVo,2018-10-26,39,0.335,0.731,0.127,-11.024
Packt Like Sardines In a Crushed Tin Box,Amnesiac,Radiohead,7he52OqF36BVF6dSVKKQPq,2001-03-12,48,0.667,0.638,0.652,-12.715
Pink Section,Tomorrow's Modern Boxes,Thom Yorke,3mZKZA8kDYdTnFk7918fRQ,2014,32,0.153,0.322,0.148,-20.454
Present Tense,A Moon Shaped Pool,Radiohead,4eruRiSfDY1jdT03hjyi0i,2016-05-08,58,0.479,0.407,0.338,-12.428
Pyramid Song,Amnesiac,Radiohead,3A9vIxzGBjEfqmDK7H9exS,2001-03-12,61,0.127,0.335,0.0686,-8.298
Sabbath Incantation,Suspiria (Music for the Luca Guadagnino Film),Thom Yorke,5bbnmcUHizE3TTyi1nMQ0u,2018-10-26,32,0.222,0.144,0.0359,-19.982
Sail To The Moon,Hail To the Thief,Radiohead,5olWalQH1oVza5D6xJg4oX,2003,50,0.372,0.295,0.054,-10.949
Skip Divided,The Eraser,Thom Yorke,15crUni1hZCKTlJbeWwe6s,2006-07-10,39,0.711,0.488,0.49,-12.219
Spectre,Spectre,Radiohead,6FhqMiFC6PPYXihpGTFNMC,2016-05-07,52,0.154,0.447,0.12,-8.797
Suspirium,Suspiria (Music for the Luca Guadagnino Film),Thom Yorke,0rlfGg5Ym6J9AA97ah7voH,2018-10-26,62,0.473,0.217,0.441,-15.662
Suspirium (Arr. Rimmer),Thom Yorke: Suspirium (Arr. Rimmer),Thom Yorke,0nNpa7hlxTeM163nmY7ypN,2020-07-03,39,0.163,0.0414,0.0394,-19.205
Suspirium Finale,Suspiria (Music for the Luca Guadagnino Film),Thom Yorke,42sIVwuCJ99eonzQelaz9n,2018-10-26,35,0.173,0.372,0.0356,-13.323
Synthesizer Speaks,Suspiria (Music for the Luca Guadagnino Film),Thom Yorke,7qQ9Zir7UT8cBeGHAHIqSJ,2018-10-26,25,0.608,0.198,0.0771,-20.212
The Balance of Things,Suspiria (Music for the Luca Guadagnino Film),Thom Yorke,4GFK7tdoILTIne4rGWcM77,2018-10-26,29,0.131,0.347,0.153,-15.446
The Conjuring of Anke,Suspiria (Music for the Luca Guadagnino Film),Thom Yorke,1CS5g9Xg2cBZasUgrocKvP,2018-10-26,31,0.182,0.139,0.0713,-17.992
The Daily Mail,The Daily Mail / Staircase,Radiohead,4dHDQFENPSHTR5OxyI1JB0,2011-12-19,52,0.36,0.362,0.159,-7.102
The Epilogue,Suspiria (Music for the Luca Guadagnino Film),Thom Yorke,1Ld431kjETM1EcSpuicA8d,2018-10-26,25,0.189,0.234,0.03,-11.476
The Eraser,The Eraser,Thom Yorke,0WxzsZHbXcny0WhexO2MCa,2006-07-10,48,0.629,0.583,0.261,-11.235
The Hooks,Suspiria (Music for the Luca Guadagnino Film),Thom Yorke,2kpiu1oX1urXOdNXxUsyWo,2018-10-26,35,0.341,0.178,0.0713,-19.541
The Inevitable Pull,Suspiria (Music for the Luca Guadagnino Film),Thom Yorke,0cLoy0QrAefRC2VpzazaBy,2018-10-26,31,0.148,0.0823,0.0364,-23.8
The Jumps,Suspiria (Music for the Luca Guadagnino Film),Thom Yorke,11gAZWgTKHhlUeWjdI5Ejn,2018-10-26,33,0.252,0.0444,0.0567,-24.305
The Mother Lode,Tomorrow's Modern Boxes,Thom Yorke,27SIyhcBaxRrgG3TmIFYG8,2014,45,0.589,0.587,0.568,-14.527
The Numbers,A Moon Shaped Pool,Radiohead,6f6pEjgfTtuRROmJ4a7Gf3,2016-05-08,51,0.282,0.372,0.0552,-9.771
The Room of Compartments,Suspiria (Music for the Luca Guadagnino Film),Thom Yorke,35JU1kci4FXFjCVYqNHe5T,2018-10-26,25,0.207,0.126,0.0331,-13.001
The Universe is Indifferent,Suspiria (Music for the Luca Guadagnino Film),Thom Yorke,6HQdf7thegfIMbrmdnB0Dr,2018-10-26,30,0.0915,0.337,0.145,-10.905
The7th7th7th7thson,Suspiria Unreleased Material,Thom Yorke,5Awg2SPD4T7PT0zVdrupHZ,2019-02-22,13,0.0,0.11,0.0,-18.803
Thinking About You,Pablo Honey,Radiohead,3ovbSnT5NNhl1gzMcw1NRZ,1993-02-22,49,0.364,0.37,0.421,-14.134
Tinker Tailor Soldier Sailor Rich Man Poor Man Beggar Man Thief,A Moon Shaped Pool,Radiohead,3cual6JOG286qZJmCxKRAT,2016-05-08,49,0.336,0.435,0.0507,-10.944
Treefingers,Kid A,Radiohead,4DPQvbgSM0IdX4O3HOACwL,2000-10-01,55,0.157,0.145,0.0635,-21.359
True Love Waits,A Moon Shaped Pool,Radiohead,01ZpFhrMMqKPVCwyqXneVp,2016-05-08,58,0.282,0.132,0.0379,-15.569
Truth Ray,Tomorrow's Modern Boxes,Thom Yorke,3wa4j6Ebhd1sjlnDyvd0CH,2014,38,0.311,0.185,0.152,-18.396
Twist,ANIMA,Thom Yorke,36IJNDHIljR94apizT5Iks,2019-06-27,42,0.424,0.751,0.0786,-11.647
Unmade,Suspiria (Music for the Luca Guadagnino Film),Thom Yorke,3Cs3xZgZCL2vRwKTBnoAG8,2018-10-26,54,0.186,0.3,0.0877,-12.141
Unmade Overtones,Suspiria Unreleased Material,Thom Yorke,74KeRHlCPtfsdymbGUS8Us,2019-02-22,15,0.179,0.00305,0.0363,-17.128
Untitled,Kid A,Radiohead,2YsJM80gRMAhCikUkNZT3G,2000-10-01,46,0.327,0.225,0.0766,-16.341
Unused Spell,Suspiria Unreleased Material,Thom Yorke,7Hku232yAwALzfusV9zCzp,2019-02-22,13,0.208,0.351,0.0365,-13.307
Videotape,In Rainbows,Radiohead,3uxhyRdWVXp7GQvERQl6fA,2007-12-28,57,0.581,0.384,0.0466,-11.195
Volk,Suspiria (Music for the Luca Guadagnino Film),Thom Yorke,6EjSuinYsad3T0cfYEQPcF,2018-10-26,36,0.281,0.301,0.0357,-14.518
Volk Spin Off v1,Suspiria Unreleased Material,Thom Yorke,3t5j564tELK5T9UdPWd5Rm,2019-02-22,12,0.363,0.611,0.0363,-18.071
Volk Spin Off v2,Suspiria Unreleased Material,Thom Yorke,1zhFfU5rtVxsBoVq4CGmXE,2019-02-22,11,0.152,0.000791,0.0155,-36.892
Volk Spin Off v3,Suspiria Unreleased Material,Thom Yorke,26n4j5zp4CU7MhqgMaWZRZ,2019-02-22,13,0.79,0.74,0.0389,-11.247
We Suck Young Blood,Hail To the Thief,Radiohead,53RYTfkLiyZuUZHwJC3Wmm,2003,45,0.135,0.239,0.0378,-11.075
Weird Fishes/ Arpeggi,In Rainbows,Radiohead,4Iyo50UoYhuuYORMLrGDci,2007-12-28,66,0.538,0.61,0.199,-8.027
You And Whose Army?,Amnesiac,Radiohead,6UFvGJalSngqprmUJd59Eo,2001-03-12,56,0.295,0.15,0.131,-10.243
YouWouldn'tLikeMeWhenI'mAngry,YouWouldn'tLikeMeWhenI'mAngry,Thom Yorke,1Rylwz6fFeJxxPnH650O96,2017-12-08,35,0.305,0.241,0.061,-15.145
Alethia,The Master: Original Motion Picture Soundtrack,Jonny Greenwood,6YBi4P93p95BpV5EOwJ8z2,2012-09-10,23,0.257,0.0988,0.028,-20.879
Alma,Phantom Thread (Original Motion Picture Soundtrack),Jonny Greenwood,5s1mZcxqYhgmlvDxg4IGwt,2018-01-12,46,0.183,0.145,0.0378,-16.939
Application 45 Version 1,The Master: Original Motion Picture Soundtrack,Jonny Greenwood,5nTX7RaRJ0r5YVZCOMhEhx,2012-09-10,19,0.267,0.0482,0.038,-17.563
Ate mo Naku Aruki Mawatta,Norwegian Wood OST,Jonny Greenwood,6ORwkgWfFKLG4FdQApvlp7,2011-01-28,10,0.184,0.0978,0.0395,-18.637
Atomic Healer,The Master: Original Motion Picture Soundtrack,Jonny Greenwood,7lK4A8fQZLiP2q6t9HYR8N,2012-09-10,17,0.245,0.0467,0.254,-19.789
Back Beyond,The Master: Original Motion Picture Soundtrack,Jonny Greenwood,1nzESJokUG6b5wFgarp1CT,2012-09-10,21,0.0862,0.141,0.0337,-17.257
Baton Sparks,The Master: Original Motion Picture Soundtrack,Jonny Greenwood,5VhyKehHDaD4M8cTCq22Cb,2012-09-10,17,0.147,0.205,0.134,-15.622
Bode Radio / Glass Light / Broken Hearts,Bodysong. (Remastered),Jonny Greenwood,6URQlhgjbhEv3t4KWRDieT,2003,10,0.304,0.238,0.0357,-15.23
Boletus Felleus,Phantom Thread (Original Motion Picture Soundtrack),Jonny Greenwood,0GZzqAcZukcKU83p2gGxIL,2018-01-12,29,0.171,0.0247,0.0316,-19.722
Catch Hold,Phantom Thread (Original Motion Picture Soundtrack),Jonny Greenwood,6qBc4cytIP3OTdHHMSanSK,2018-01-12,30,0.176,0.208,0.0902,-16.597
Changing Partners (feat. Helen Forrest),The Master: Original Motion Picture Soundtrack,Jonny Greenwood,6wC2Ip0kZdWGYzD8v6NoaE,2012-09-10,24,0.256,0.0432,0.178,-18.379
Cloak of the Night,Earth,EOB,1v6hBQYzn93cZzdhUbsJES,2020-04-17,36,0.356,0.208,0.0735,-15.853
De-Tuned Quartet,There Will Be Blood (Music from the Motion Picture),Jonny Greenwood,0IAr7r0m8t7rJkWAnVrNOH,2007-12-18,18,0.27,0.359,0.208,-15.926
Don't Go Now (Elysian Quartet),Let Me Go OST,Philip Selway,0pPtEHlcKGLWdxAf2t2gBJ,2017-09-15,5,0.115,0.149,0.0374,-16.469
Don't Go Now - Lanterns on the Lake Remix,Don't Go Now (Lanterns on the Lake Remix),Philip Selway,0ctzqZ6aXx6jnYLOgoUiYt,2015-07-13,2,0.17,0.376,0.0737,-11.848
Eat Him By His Own Light,There Will Be Blood (Music from the Motion Picture),Jonny Greenwood,039wiWBm1wsd1oyHcon9Ps,2007-12-18,20,0.269,0.182,0.0359,-13.423
Eat Him by His Own Light,There Will Be Blood,Jonny Greenwood,0RxmDHaqOSyajYCkPbbINU,2007-12-17,15,0.241,0.209,0.0359,-12.35
Endless Superstition,Phantom Thread (Original Motion Picture Soundtrack),Jonny Greenwood,4bcDEOypNgWUyxXzu4HvF1,2018-01-12,29,0.182,0.189,0.0372,-16.649
For the Hungry Boy,Phantom Thread (Original Motion Picture Soundtrack),Jonny Greenwood,6mpngqPMrJE65pevDYYMJp,2018-01-12,36,0.165,0.149,0.053,-16.404
Future Markets,There Will Be Blood,Jonny Greenwood,5ZiPMtJQTNjIdEAyUes1B5,2007-12-17,19,0.487,0.272,0.082,-13.855
Get Thee Behind Me Satan (feat. Ella Fitzgerald),The Master: Original Motion Picture Soundtrack,Jonny Greenwood,7nxiwoGNr9jaNyXQiqrurc,2012-09-10,26,0.258,0.114,0.0975,-15.564
Greenwood: 48 Responses to Polymorphia: Baton Sparks,Penderecki & Greenwood: Threnody for the Victims of Hiroshima / Popcorn Superhet Receiver / Polymorphia / 48 Responses to Polymorphia,Jonny Greenwood,5LJSQnaOV3Qs7qrV4vEZyN,2012-03-09,8,0.168,0.0702,0.0726,-20.328
Greenwood: 48 Responses to Polymorphia: Bridge,Penderecki & Greenwood: Threnody for the Victims of Hiroshima / Popcorn Superhet Receiver / Polymorphia / 48 Responses to Polymorphia,Jonny Greenwood,1JeIyuLL4w3SBxD06JLH5t,2012-03-09,6,0.247,0.0701,0.0459,-26.7
Greenwood: 48 Responses to Polymorphia: Es Is Genug,Penderecki & Greenwood: Threnody for the Victims of Hiroshima / Popcorn Superhet Receiver / Polymorphia / 48 Responses to Polymorphia,Jonny Greenwood,2ZVdvpdE5RLG1nmzdZh5Iv,2012-03-09,9,0.142,0.121,0.0751,-23.729
Greenwood: 48 Responses to Polymorphia: Overhang,Penderecki & Greenwood: Threnody for the Victims of Hiroshima / Popcorn Superhet Receiver / Polymorphia / 48 Responses to Polymorphia,Jonny Greenwood,2cUJuhyZWh8qH0Cidtkm2I,2012-03-09,7,0.152,0.0078,0.0293,-26.197
Greenwood: 48 Responses to Polymorphia: Overtones,Penderecki & Greenwood: Threnody for the Victims of Hiroshima / Popcorn Superhet Receiver / Polymorphia / 48 Responses to Polymorphia,Jonny Greenwood,3AiIaHqTAiBBwoxD4DovM8,2012-03-09,12,0.152,0.0167,0.0394,-33.878
Greenwood: 48 Responses to Polymorphia: Ranj,Penderecki & Greenwood: Threnody for the Victims of Hiroshima / Popcorn Superhet Receiver / Polymorphia / 48 Responses to Polymorphia,Jonny Greenwood,5cdQn8IQbtiGMOBLydkM2s,2012-03-09,8,0.164,0.171,0.0348,-17.723
Greenwood: 48 Responses to Polymorphia: Scan,Penderecki & Greenwood: Threnody for the Victims of Hiroshima / Popcorn Superhet Receiver / Polymorphia / 48 Responses to Polymorphia,Jonny Greenwood,6b63eGlP9mRDRMrwgadGwf,2012-03-09,0,0.0,0.00232,0.0,-34.232
Greenwood: 48 Responses to Polymorphia: Three Oak Leaves,Penderecki & Greenwood: Threnody for the Victims of Hiroshima / Popcorn Superhet Receiver / Polymorphia / 48 Responses to Polymorphia,Jonny Greenwood,5a2lRXNFwq2XJuAUUupKby,2012-03-09,7,0.0586,0.0649,0.0341,-27.516
"Greenwood: Popcorn Superhet Receiver:, Pt. 1",Penderecki & Greenwood: Threnody for the Victims of Hiroshima / Popcorn Superhet Receiver / Polymorphia / 48 Responses to Polymorphia,Jonny Greenwood,1iMcDtoVSkkp3soq4c73VH,2012-03-09,13,0.0856,0.142,0.0318,-20.718
"Greenwood: Popcorn Superhet Receiver:, Pt. 2 A",Penderecki & Greenwood: Threnody for the Victims of Hiroshima / Popcorn Superhet Receiver / Polymorphia / 48 Responses to Polymorphia,Jonny Greenwood,2DiNRssV9CeYimhGoez2Of,2012-03-09,9,0.287,0.546,0.321,-21.1
"Greenwood: Popcorn Superhet Receiver:, Pt. 3",Penderecki & Greenwood: Threnody for the Victims of Hiroshima / Popcorn Superhet Receiver / Polymorphia / 48 Responses to Polymorphia,Jonny Greenwood,256Dv56bajzmGK8gvvwA2W,2012-03-09,9,0.182,0.126,0.0342,-23.707
HW / Hope of New Fields,There Will Be Blood,Jonny Greenwood,7olVgWbvxCILrkNyYMLCR2,2007-12-17,14,0.164,0.173,0.0349,-12.765
Hageshii Genchou,Norwegian Wood OST,Jonny Greenwood,0210BnjZtQiOJ1CN5uoEWg,2011-01-28,10,0.168,0.128,0.0299,-19.719
Helga's Theme,Let Me Go OST,Philip Selway,5YL55pDSfy9utif0EFfsfx,2017-09-15,9,0.176,0.05,0.0352,-21.281
Helga's Theme (Saw),Let Me Go OST,Philip Selway,731YPOhdW9nKpNpJdpMCrn,2017-09-15,4,0.262,0.0784,0.0346,-21.155
Henry Plainview,There Will Be Blood (Music from the Motion Picture),Jonny Greenwood,22NQdksEjd5Xu87tx2ZWB7,2007-12-18,22,0.117,0.2,0.025,-18.386
His Master's Voice,The Master: Original Motion Picture Soundtrack,Jonny Greenwood,20CxUQiAW1E9Lu5AhPdJJP,2012-09-10,16,0.199,0.0851,0.036,-15.35
House of Woodcock,Phantom Thread (Original Motion Picture Soundtrack),Jonny Greenwood,6FZDedaCzYhO4sdG3VYcHZ,2018-01-12,49,0.253,0.126,0.0355,-17.009
I'll Follow Tomorrow,Phantom Thread (Original Motion Picture Soundtrack),Jonny Greenwood,0t6w8UerFzkkiqWQAwQR01,2018-01-12,31,0.295,0.0589,0.0375,-30.91
Iiko Dakara Damattete,Norwegian Wood OST,Jonny Greenwood,0lyY0eLVmPlAcrIZJx81Sh,2011-01-28,16,0.577,0.01,0.0751,-21.747
Industry,Octatonic Volume 2,Jonny Greenwood,0Mzfokg53F4x8VO8ysMzhE,2019-09-24,16,0.139,0.473,0.0306,-7.074
Joe's Drive,You Were Never Really Here (Original Motion Picture Soundtrack),Jonny Greenwood,1s3qmKGJWzjpC6yGHAttiX,2018-03-09,10,0.302,0.313,0.441,-9.928
Last Act,Let Me Go OST,Philip Selway,4AF4lm6lWlhVdqrlKBsNOG,2017-09-15,5,0.156,0.00354,0.038,-31.334
Let Me Go (Rhodes),Let Me Go OST,Philip Selway,75OrCaTzmH5Ol3U2Nw7WHt,2017-09-15,4,0.227,0.13,0.0375,-22.754
Mass,Earth,EOB,4HHHpq9Tl4c43nk1weKJkq,2020-04-17,36,0.478,0.382,0.141,-17.334
Mata Aini Kuru kara Ne,Norwegian Wood OST,Jonny Greenwood,0DmLkcQJ4DWCyypEdcHbkl,2011-01-28,15,0.0658,0.117,0.0329,-19.997
Mine,Let Me Go OST,Philip Selway,1ClTOcyNefyKwQvBkdZ2dY,2017-09-15,6,0.286,0.429,0.163,-16.839
Moon Mall,Bodysong. (Remastered),Jonny Greenwood,3gTRHBKEUqgBYdUDdgX6C1,2003,15,0.541,0.189,0.0971,-16.382
Moon Trills,Bodysong. (Remastered),Jonny Greenwood,6jKpPisa3ve79j54gNh8Yo,2003,23,0.0865,0.361,0.0341,-14.253
"Mou Sukoshi Jibun no Koto, Kichinto Shitaino",Norwegian Wood OST,Jonny Greenwood,65SfWW5CAkokOiA5db51oq,2011-01-28,16,0.0906,0.0618,0.0314,-22.13
Mutti,Let Me Go OST,Philip Selway,4u2EHtgySODmmx3tKWOas0,2017-09-15,6,0.127,0.15,0.0329,-14.62
Naoko ga Shinda,Norwegian Wood OST,Jonny Greenwood,0h1sHwx64ceazRLayEdFJc,2011-01-28,10,0.167,0.122,0.0348,-20.142
Necklace,Let Me Go OST,Philip Selway,0wp1a9qdwMq3o7GOhJC7ZM,2017-09-15,5,0.644,0.093,0.0853,-20.377
Never Cursed,Phantom Thread (Original Motion Picture Soundtrack),Jonny Greenwood,1cbLHauRcihmaRU3ISr6ru,2018-01-12,30,0.144,0.19,0.0323,-16.283
Nina Through Glass,You Were Never Really Here (Original Motion Picture Soundtrack),Jonny Greenwood,0xMiEzSs7sx1vkGgyc1CbA,2018-03-09,19,0.447,0.163,0.191,-17.384
Open Spaces,There Will Be Blood (Music from the Motion Picture),Jonny Greenwood,1clSpczl9DzLXuQYM5ND2i,2007-12-18,31,0.204,0.177,0.0366,-16.339
Overtones,The Master: Original Motion Picture Soundtrack,Jonny Greenwood,6Vq4UZSEaU0vjqguXd5TMV,2012-09-10,25,0.172,0.172,0.0864,-18.974
Peartree,Bodysong. (Remastered),Jonny Greenwood,3NgGoj9js0UXSqa8yNNUks,2003,11,0.142,0.172,0.0338,-18.029
Penderecki: Polymorphia,Penderecki & Greenwood: Threnody for the Victims of Hiroshima / Popcorn Superhet Receiver / Polymorphia / 48 Responses to Polymorphia,Jonny Greenwood,3T2w6OuypL2ou0We4jpyXt,2012-03-09,20,0.116,0.254,0.0373,-24.137
Penderecki: Threnody for the Victims of Hiroshima,Penderecki & Greenwood: Threnody for the Victims of Hiroshima / Popcorn Superhet Receiver / Polymorphia / 48 Responses to Polymorphia,Jonny Greenwood,1MGfFUjIcWQ3SrTNiu3cwb,2012-03-09,20,0.162,0.211,0.0356,-20.649
Phantom Thread I,Phantom Thread (Original Motion Picture Soundtrack),Jonny Greenwood,1m9AByDH4oBDz7XEm0yVjx,2018-01-12,33,0.101,0.163,0.0307,-18.659
Phantom Thread II,Phantom Thread (Original Motion Picture Soundtrack),Jonny Greenwood,1RFsJY0mNqggs534WUcKUV,2018-01-12,33,0.372,0.0706,0.135,-16.192
Phantom Thread III,Phantom Thread (Original Motion Picture Soundtrack),Jonny Greenwood,2Zxo3igQHMTENrgusvfUDi,2018-01-12,30,0.0865,0.353,0.0574,-11.637
Phantom Thread IV (feat. Daniel Pioro),Phantom Thread (Original Motion Picture Soundtrack),Jonny Greenwood,0bPTmuzLDrBK4M7IU6N5N4,2018-01-12,28,0.22,0.0578,0.417,-15.649
Playground (Bass Clarinet),You Were Never Really Here (Original Motion Picture Soundtrack),Jonny Greenwood,3UJrkWDPS0O92mduceGPFi,2018-03-09,14,0.0606,0.209,0.0298,-21.374
Prospector's Quartet,There Will Be Blood,Jonny Greenwood,4qs2IoKjAdrU3Qy5t33P0w,2007-12-17,18,0.163,0.182,0.0374,-12.9
Prospectors Arrive,There Will Be Blood (Music from the Motion Picture),Jonny Greenwood,1uvAixeMRuvA7CSHLxk33r,2007-12-18,27,0.116,0.198,0.0346,-17.4
Proven Lands (Intro),There Will Be Blood (Music from the Motion Picture),Jonny Greenwood,4UH5dwHCwqq0ibvj8CJ4u5,2007-12-18,18,0.155,0.339,0.0359,-15.526
Quartertone Bloom,Norwegian Wood OST,Jonny Greenwood,0pu7TzxwlNUg5gFa6u5kTh,2011-01-28,10,0.0921,0.0949,0.0298,-21.961
Reiko,Norwegian Wood OST,Jonny Greenwood,5SsZatXXg5oHzZE6sognNo,2011-01-28,13,0.2,0.0899,0.0385,-16.506
Sandalwood I,Phantom Thread (Original Motion Picture Soundtrack),Jonny Greenwood,1YbKoZ8fso316rzCy7VuQh,2018-01-12,33,0.498,0.282,0.319,-16.171
Sandalwood II,Phantom Thread (Original Motion Picture Soundtrack),Jonny Greenwood,0PLQrSA6N7EofEPxu4Sg0U,2018-01-12,31,0.107,0.136,0.039,-15.002
Santa Teresa,Santa Teresa,EOB,05xWkYkbnLEKzzDOBRaQuh,2019-10-04,36,0.265,0.312,0.036,-11.754
Snakecharmer,Let Me Go OST,Philip Selway,1dAybI7rIOlsZkpWyrkE9I,2017-09-15,8,0.473,0.0455,0.132,-16.781
Stranded the Line,There Will Be Blood (Music from the Motion Picture),Jonny Greenwood,20wqsJKQrhWlKDOzawaLS0,2007-12-18,17,0.191,0.2,0.036,-14.028
Sweetness of Freddie,The Master: Original Motion Picture Soundtrack,Jonny Greenwood,33Vu7UBFmiIt648zmb4GFB,2012-09-10,20,0.0755,0.0342,0.0293,-21.065
Tehellet,Bodysong. (Remastered),Jonny Greenwood,3knvPJhFHkqVnjWRklVwxk,2003,11,0.0877,0.25,0.0275,-11.51
That's As May Be,Phantom Thread (Original Motion Picture Soundtrack),Jonny Greenwood,6cfog3Q7w2SafE5jE6i76F,2018-01-12,29,0.301,0.0676,0.0327,-23.751
The Hem,Phantom Thread (Original Motion Picture Soundtrack),Jonny Greenwood,705PJjJuV3KramAxvntWo0,2018-01-12,31,0.357,0.168,0.187,-16.877
The Hunt,You Were Never Really Here (Original Motion Picture Soundtrack),Jonny Greenwood,5F5GsKcs3djbUj956zuLIx,2018-03-09,15,0.445,0.432,0.0359,-11.91
The Split Saber,The Master: Original Motion Picture Soundtrack,Jonny Greenwood,02HYOxifFN3G4YtZGTs9Tv,2012-09-10,18,0.0837,0.101,0.0274,-17.47
The Tailor of Fitzrovia,Phantom Thread (Original Motion Picture Soundtrack),Jonny Greenwood,75K5P7JN8XDqNWo1a8P8nf,2018-01-12,32,0.0841,0.116,0.0461,-20.679
There Will Be Blood,There Will Be Blood (Music from the Motion Picture),Jonny Greenwood,4r4raGVrRIpgPNfxb3WXjd,2007-12-18,21,0.177,0.316,0.0471,-14.865
Time Hole,The Master: Original Motion Picture Soundtrack,Jonny Greenwood,3QOimHmKfSsvczPRoiJIze,2012-09-10,24,0.373,0.027,0.0905,-17.503
Toki no Senrei wo Uketeinai mono wo Yomuna,Norwegian Wood OST,Jonny Greenwood,6khve9GNYhAq72Sv4Wgn3E,2011-01-28,33,0.174,0.295,0.498,-17.682
Tree Strings,You Were Never Really Here (Original Motion Picture Soundtrack),Jonny Greenwood,6BsCY0JefvA3auLq2vmIwy,2018-03-09,30,0.116,0.282,0.0375,-12.449
Tree Synthesisers,You Were Never Really Here (Original Motion Picture Soundtrack),Jonny Greenwood,5PvkGXs9aFMtd9nqBSV0rB,2018-03-09,32,0.148,0.29,0.0371,-15.859
Trench,Bodysong. (Remastered),Jonny Greenwood,31klC4u1FG9hoLMfuvR9SH,2003,13,0.358,0.499,0.145,-14.005
Votto,You Were Never Really Here (Original Motion Picture Soundtrack),Jonny Greenwood,5gPKR5IMQJUOfvWT2qagVu,2018-03-09,11,0.218,0.00749,0.0341,-17.098
Waiting for a Sign,Weatherhouse,Philip Selway,0AkJZ2X9ErPyXtFQzhvyA8,2014-01-29,0,0.534,0.523,0.0399,-15.182
Watashi wo Toru Toki wa Watashi Dake wo Totte Ne,Norwegian Wood OST,Jonny Greenwood,5xQag1kCzLssdesS8EHwSM,2011-01-28,11,0.19,0.201,0.0361,-16.2
YWNRH,You Were Never Really Here (Original Motion Picture Soundtrack),Jonny Greenwood,3MPIqted0pBGxaNO0tefTc,2018-03-09,12,0.256,0.233,0.0338,-15.09
Ywnrh,You Were Never Really Here (Original Motion Picture Soundtrack),Jonny Greenwood,38XM3DCZAfBY62oFplQMoW,2018-03-09,13,0.259,0.233,0.0337,-15.076
Zakopane,Let Me Go OST,Philip Selway,1IQ0eZhNCjfEybJUTvMUvt,2017-09-15,7,0.15,0.194,0.135,-12.549
